chr1,3064168,3438621,+
chr1,3069168,3443621,-
chr1,6780454,7769706,+
chr1,6785454,7774706,-
chr1,27399230,27490167,+
chr1,27404230,27495167,-
chr1,6180020,6209389,+
chr1,6185020,6214389,-
chr1,18625846,18748866,+
chr1,18630846,18753866,-
chr1,36219432,36305357,+
chr1,36224432,36310357,-
chr1,64828229,65067754,+
chr1,64833229,65072754,-
chr1,91675343,91906335,+
chr1,91680343,91911335,-
chr1,113924324,113977869,+
chr1,113929324,113982869,-
chr1,109304568,109397918,+
chr1,109309568,109402918,-
chr1,148803181,149048286,+
chr1,148808181,149053286,-
chr1,151276618,151292176,+
chr1,151281618,151297176,-
chr1,154150304,154194648,+
chr1,154155304,154199648,-
chr1,109905242,109930992,+
chr1,109910242,109935992,-
chr1,167625093,167708696,+
chr1,167630093,167713696,-
chr1,118878046,118989556,+
chr1,118883046,118994556,-
chr1,180225264,180278984,+
chr1,180230264,180283984,-
chr1,205592556,205632011,+
chr1,205597556,205637011,-
chr1,157568747,157598085,+
chr1,157573747,157603085,-
chr1,205652851,205680509,+
chr1,205657851,205685509,-
chr1,179094330,179229684,+
chr1,179099330,179234684,-
chr1,23576495,23640568,+
chr1,23581495,23645568,-
chr1,155180824,155192916,+
chr1,155185824,155197916,-
chr1,47211290,47232220,+
chr1,47216290,47237220,-
chr1,164550584,164899296,+
chr1,164555584,164904296,-
chr1,85260776,85276632,+
chr1,85265776,85281632,-
chr1,161658147,161678654,+
chr1,161663147,161683654,-
chr1,37484993,37514766,+
chr1,37489993,37519766,-
chr1,32246239,32286165,+
chr1,32251239,32291165,-
chr1,28731621,28769775,+
chr1,28736621,28774775,-
chr1,173853559,173868882,+
chr1,173858559,173873882,-
chr1,150804713,150876708,+
chr1,150809713,150881708,-
chr1,115280904,115338770,+
chr1,115285904,115343770,-
chr1,156745610,156800815,+
chr1,156750610,156805815,-
chr1,51349263,51519266,+
chr1,51354263,51524266,-
chr1,111749832,111775602,+
chr1,111754832,111780602,-
chr1,156810640,156881850,+
chr1,156815640,156886850,-
chr1,234599269,234610178,+
chr1,234604269,234615178,-
chr1,110333506,110346681,+
chr1,110338506,110351681,-
chr1,35171378,35193145,+
chr1,35176378,35198145,-
chr1,45324163,45340893,+
chr1,45329163,45345893,-
chr1,151055397,151069544,+
chr1,151060397,151074544,-
chr1,147536501,147626216,+
chr1,147541501,147631216,-
chr10,68555337,68694487,+
chr10,68560337,68699487,-
chr10,32004015,32056425,+
chr10,32009015,32061425,-
chr10,87220448,87236908,+
chr10,87225448,87241908,-
chr10,85594552,86366795,+
chr10,85599552,86371795,-
chr10,59783747,59906556,+
chr10,59788747,59911556,-
chr10,92684955,92695647,+
chr10,92689955,92700647,-
chr10,74819927,75032624,+
chr10,74824927,75037624,-
chr10,58507872,58831435,+
chr10,58512872,58836435,-
chr10,99391870,99430624,+
chr10,99396870,99435624,-
chr10,101126300,101137789,+
chr10,101131300,101142789,-
chr10,121984163,122254545,+
chr10,121989163,122259545,-
chr10,109991368,110135565,+
chr10,109996368,110140565,-
chr10,113674162,113730907,+
chr10,113679162,113735907,-
chr10,103082185,103277605,+
chr10,103087185,103282605,-
chr10,129465,254637,+
chr10,134465,259637,-
chr10,26741593,26861087,+
chr10,26746593,26866087,-
chr10,21519646,21743630,+
chr10,21524646,21748630,-
chr10,32262751,32378798,+
chr10,32267751,32383798,-
chr10,79063966,79316519,+
chr10,79068966,79321519,-
chr10,79698227,79714681,+
chr10,79703227,79719681,-
chr10,101765109,101780371,+
chr10,101770109,101785371,-
chr10,43072064,43130351,+
chr10,43077064,43135351,-
chr10,62806996,62919900,+
chr10,62811996,62924900,-
chr10,121473332,121598458,+
chr10,121478332,121603458,-
chr11,8219309,8268716,+
chr11,8224309,8273716,-
chr11,34046731,34102610,+
chr11,34051731,34107610,-
chr11,32382775,32435564,+
chr11,32387775,32440564,-
chr11,27649893,27722058,+
chr11,27654893,27727058,-
chr11,69636156,69654474,+
chr11,69641156,69659474,-
chr11,85952175,86069882,+
chr11,85957175,86074882,-
chr11,95971598,96343195,+
chr11,95976598,96348195,-
chr11,102312450,102339403,+
chr11,102317450,102344403,-
chr11,111347255,111455630,+
chr11,111352255,111460630,-
chr11,102105447,102233424,+
chr11,102110447,102238424,-
chr11,108660069,108940927,+
chr11,108665069,108945927,-
chr11,111721908,111766389,+
chr11,111726908,111771389,-
chr11,118431490,118526832,+
chr11,118436490,118531832,-
chr11,128453761,128587558,+
chr11,128458761,128592558,-
chr11,33853576,33892076,+
chr11,33858576,33897076,-
chr11,128681535,128813267,+
chr11,128686535,128818267,-
chr11,63993558,64166113,+
chr11,63998558,64171113,-
chr11,71997864,72080693,+
chr11,72002864,72085693,-
chr11,46272662,46321409,+
chr11,46277662,46326409,-
chr11,65887049,65900573,+
chr11,65892049,65905573,-
chr11,61787911,61797238,+
chr11,61792911,61802238,-
chr11,58521871,58578220,+
chr11,58526871,58583220,-
chr11,111873935,111885975,+
chr11,111878935,111890975,-
chr11,63754892,63768775,+
chr11,63759892,63773775,-
chr11,57738514,57751781,+
chr11,57743514,57756781,-
chr11,3666083,3797792,+
chr11,3671083,3802792,-
chr11,4089707,4138932,+
chr11,4094707,4143932,-
chr11,12669421,12944737,+
chr11,12674421,12949737,-
chr11,57643188,57661865,+
chr11,57648188,57666865,-
chr11,126278065,126298845,+
chr11,126283065,126303845,-
chr11,119097198,119118544,+
chr11,119102198,119123544,-
chr11,119201298,119313926,+
chr11,119206298,119318926,-
chr11,114054041,114256765,+
chr11,114059041,114261765,-
chr11,116838402,117098437,+
chr11,116843402,117103437,-
chr11,110572042,110713189,+
chr11,110577042,110718189,-
chr12,275057,389320,+
chr12,280057,394320,-
chr12,985509,1495933,+
chr12,990509,1500933,-
chr12,11644674,11895377,+
chr12,11649674,11900377,-
chr12,10153301,10172138,+
chr12,10158301,10177138,-
chr12,2954330,3040676,+
chr12,2959330,3045676,-
chr12,5427108,5521536,+
chr12,5432108,5526536,-
chr12,53968126,53977643,+
chr12,53973126,53982643,-
chr12,57814927,57846729,+
chr12,57819927,57851729,-
chr12,92135278,92145846,+
chr12,92140278,92150846,-
chr12,69234569,69274358,+
chr12,69239569,69279358,-
chr12,50758710,50821162,+
chr12,50763710,50826162,-
chr12,70633073,70920738,+
chr12,70638073,70925738,-
chr12,104450295,104762014,+
chr12,104455295,104767014,-
chr12,68681951,68745809,+
chr12,68686951,68750809,-
chr12,108283044,108339317,+
chr12,108288044,108344317,-
chr12,109924802,109996389,+
chr12,109929802,110001389,-
chr12,53933831,53946544,+
chr12,53938831,53951544,-
chr12,93672375,93894840,+
chr12,93677375,93899840,-
chr12,71434798,71586310,+
chr12,71439798,71591310,-
chr12,131944942,132080460,+
chr12,131949942,132085460,-
chr12,26933470,26966650,+
chr12,26938470,26971650,-
chr12,57454785,57472268,+
chr12,57459785,57477268,-
chr12,20805702,20916911,+
chr12,20810702,20921911,-
chr12,4264771,4305353,+
chr12,4269771,4310353,-
chr12,55747463,55817724,+
chr12,55752463,55822724,-
chr12,57084043,57095476,+
chr12,57089043,57100476,-
chr12,57090408,57132139,+
chr12,57095408,57137139,-
chr12,27518431,27695564,+
chr12,27523431,27700564,-
chr12,65819460,65966291,+
chr12,65824460,65971291,-
chr12,70238002,70354993,+
chr12,70243002,70359993,-
chr12,56590596,56636816,+
chr12,56595596,56641816,-
chr12,120973543,121002512,+
chr12,120978543,121007512,-
chr12,56071799,56103505,+
chr12,56076799,56108505,-
chr12,72082266,72670758,+
chr12,72087266,72675758,-
chr12,57511588,57521737,+
chr12,57516588,57526737,-
chr12,6661477,6689572,+
chr12,6666477,6694572,-
chr13,27955918,27969315,+
chr13,27960918,27974315,-
chr13,40074106,40535807,+
chr13,40079106,40540807,-
chr13,71432966,71867204,+
chr13,71437966,71872204,-
chr13,40550667,40666641,+
chr13,40555667,40671641,-
chr13,27998274,28100592,+
chr13,28003274,28105592,-
chr13,46120920,46211871,+
chr13,46125920,46216871,-
chr13,19953677,20091829,+
chr13,19958677,20096829,-
chr14,99164287,99272197,+
chr14,99169287,99277197,-
chr14,104860268,104896770,+
chr14,104865268,104901770,-
chr14,102587649,102730561,+
chr14,102592649,102735561,-
chr14,91266323,91417844,+
chr14,91271323,91422844,-
chr14,95704947,95714196,+
chr14,95709947,95719196,-
chr14,99732693,99942060,+
chr14,99737693,99947060,-
chr14,102075742,102139699,+
chr14,102080742,102144699,-
chr14,20306368,20333312,+
chr14,20311368,20338312,-
chr14,50714763,50831162,+
chr14,50719763,50836162,-
chr14,23112306,23119255,+
chr14,23117306,23124255,-
chr14,91960991,92040896,+
chr14,91965991,92045896,-
chr14,67814779,68730218,+
chr14,67819779,68735218,-
chr15,20652638,20688408,+
chr15,20657638,20693408,-
chr15,40802086,40815084,+
chr15,40807086,40820084,-
chr15,73989673,74047827,+
chr15,73994673,74052827,-
chr15,87854751,88256768,+
chr15,87859751,88261768,-
chr15,43398061,43510728,+
chr15,43403061,43515728,-
chr15,56913623,57299281,+
chr15,56918623,57304281,-
chr15,34338315,34357737,+
chr15,34343315,34362737,-
chr16,11960210,11968068,+
chr16,11965210,11973068,-
chr16,3720054,3880713,+
chr16,3725054,3885713,-
chr16,27397174,27452042,+
chr16,27402174,27457042,-
chr16,11745586,11797258,+
chr16,11750586,11802258,-
chr16,79580843,79600737,+
chr16,79585843,79605737,-
chr16,64938753,65126112,+
chr16,64943753,65131112,-
chr16,88869858,88977207,+
chr16,88874858,88982207,-
chr16,31175138,31191605,+
chr16,31180138,31196605,-
chr16,15638267,15734691,+
chr16,15643267,15739691,-
chr16,15698135,15857028,+
chr16,15703135,15862028,-
chr16,10861222,10943021,+
chr16,10866222,10948021,-
chr16,67023984,67101058,+
chr16,67028984,67106058,-
chr17,5111032,5175034,+
chr17,5116032,5180034,-
chr17,5277265,5386340,+
chr17,5282265,5391340,-
chr17,27289076,27315926,+
chr17,27294076,27320926,-
chr17,31089927,31382116,+
chr17,31094927,31387116,-
chr17,31932007,32001038,+
chr17,31937007,32006038,-
chr17,32002872,32053504,+
chr17,32007872,32058504,-
chr17,37079992,37406836,+
chr17,37084992,37411836,-
chr17,38700273,38729795,+
chr17,38705273,38734795,-
chr17,40304180,40357643,+
chr17,40309180,40362643,-
chr17,43522844,43579620,+
chr17,43527844,43584620,-
chr17,38864859,38921770,+
chr17,38869859,38926770,-
chr17,27451470,27626438,+
chr17,27456470,27631438,-
chr17,59614689,59696956,+
chr17,59619689,59701956,-
chr17,43165481,43211689,+
chr17,43170481,43216689,-
chr17,49490293,49515008,+
chr17,49495293,49520008,-
chr17,55259960,55325187,+
chr17,55264960,55330187,-
chr17,81971807,82017406,+
chr17,81976807,82022406,-
chr17,51172425,51260163,+
chr17,51177425,51265163,-
chr17,80255866,80398786,+
chr17,80260866,80403786,-
chr17,1757029,1777565,+
chr17,1762029,1782565,-
chr17,8135472,8156506,+
chr17,8140472,8161506,-
chr17,57250851,57684689,+
chr17,57255851,57689689,-
chr17,30472362,30527592,+
chr17,30477362,30532592,-
chr17,63472061,63498380,+
chr17,63477061,63503380,-
chr17,47644476,47685505,+
chr17,47649476,47690505,-
chr17,42194177,42276707,+
chr17,42199177,42281707,-
chr17,32345132,32381885,+
chr17,32350132,32386885,-
chr17,60672453,61392838,+
chr17,60677453,61397838,-
chr17,29385363,29551903,+
chr17,29390363,29556903,-
chr17,29066122,29180398,+
chr17,29071122,29185398,-
chr17,9905606,10198606,+
chr17,9910606,10203606,-
chr17,20003865,20319026,+
chr17,20008865,20324026,-
chr17,68506780,68551319,+
chr17,68511780,68556319,-
chr17,1339275,1400222,+
chr17,1344275,1405222,-
chr17,50179101,50201632,+
chr17,50184101,50206632,-
chr17,7230029,7239722,+
chr17,7235029,7244722,-
chr17,35708791,35864615,+
chr17,35713791,35869615,-
chr18,26011253,26091217,+
chr18,26016253,26096217,-
chr18,25056924,25352190,+
chr18,25061924,25357190,-
chr18,58666465,58754477,+
chr18,58671465,58759477,-
chr18,63118346,63320128,+
chr18,63123346,63325128,-
chr18,44675173,45068510,+
chr18,44680173,45073510,-
chr19,8515778,8577577,+
chr19,8520778,8582577,-
chr19,16062021,16103002,+
chr19,16067021,16108002,-
chr19,18678678,18782333,+
chr19,18683678,18787333,-
chr19,18437663,18522116,+
chr19,18442663,18527116,-
chr19,18985888,19034023,+
chr19,18990888,19039023,-
chr19,33294934,33302534,+
chr19,33299934,33307534,-
chr19,44742705,44760044,+
chr19,44747705,44765044,-
chr19,47482637,47515091,+
chr19,47487637,47520091,-
chr19,45462995,45475179,+
chr19,45467995,45480179,-
chr19,49335595,49362457,+
chr19,49340595,49367457,-
chr19,45402334,45478828,+
chr19,45407334,45483828,-
chr19,979332,998438,+
chr19,984332,1003438,-
chr19,37176579,37218153,+
chr19,37181579,37223153,-
chr19,13094033,13103161,+
chr19,13099033,13108161,-
chr19,11372207,11384342,+
chr19,11377207,11389342,-
chr19,49469207,49486231,+
chr19,49474207,49491231,-
chr19,4355370,4400547,+
chr19,4360370,4405547,-
chr19,49056066,49065054,+
chr19,49061066,49070054,-
chr19,56127599,56160893,+
chr19,56132599,56165893,-
chr19,14509769,14560391,+
chr19,14514769,14565391,-
chr19,14086688,14118084,+
chr19,14091688,14123084,-
chr19,1604290,1652615,+
chr19,1609290,1657615,-
chr19,15230519,15332545,+
chr19,15235519,15337545,-
chr19,6205381,6279975,+
chr19,6210381,6284975,-
chr19,6301142,6333612,+
chr19,6306142,6338612,-
chr19,54102020,54115657,+
chr19,54107020,54120657,-
chr19,42263537,42295797,+
chr19,42268537,42300797,-
chr2,32941953,33399509,+
chr2,32946953,33404509,-
chr2,36832698,36966536,+
chr2,36837698,36971536,-
chr2,73285929,73293701,+
chr2,73290929,73298701,-
chr2,60445520,60554467,+
chr2,60450520,60559467,-
chr2,54451317,54671446,+
chr2,54456317,54676446,-
chr2,29187774,29921586,+
chr2,29192774,29926586,-
chr2,108714482,108785809,+
chr2,108719482,108790809,-
chr2,42164353,42332548,+
chr2,42169353,42337548,-
chr2,32352028,32618899,+
chr2,32357028,32623899,-
chr2,236562787,236582354,+
chr2,236567787,236587354,-
chr2,207524737,207605988,+
chr2,207529737,207610988,-
chr2,233054967,233207903,+
chr2,233059967,233212903,-
chr2,215306956,215349773,+
chr2,215311956,215354773,-
chr2,222194887,222298998,+
chr2,222199887,222303998,-
chr2,218976087,218985184,+
chr2,218981087,218990184,-
chr2,113210997,113278921,+
chr2,113215997,113283921,-
chr2,43225851,43596038,+
chr2,43230851,43601038,-
chr2,176087721,176095944,+
chr2,176092721,176100944,-
chr2,176099216,176109754,+
chr2,176104216,176114754,-
chr2,99540419,100192428,+
chr2,99545419,100197428,-
chr2,237319003,237414328,+
chr2,237324003,237419328,-
chr2,173875850,173965373,+
chr2,173880850,173970373,-
chr2,24486254,24770702,+
chr2,24491254,24775702,-
chr20,50185830,50192668,+
chr20,50190830,50197668,-
chr20,47496887,47656877,+
chr20,47501887,47661877,-
chr20,52046663,52204308,+
chr20,52051663,52209308,-
chr20,62138769,62182514,+
chr20,62143769,62187514,-
chr20,51381957,51562831,+
chr20,51386957,51567831,-
chr20,32814954,32850405,+
chr20,32819954,32855405,-
chr20,31659452,31723989,+
chr20,31664452,31728989,-
chr20,41023822,41124487,+
chr20,41028822,41129487,-
chr20,40680848,40689236,+
chr20,40685848,40694236,-
chr20,41397083,41618384,+
chr20,41402083,41623384,-
chr20,50929867,50959140,+
chr20,50934867,50964140,-
chr20,63652810,63696253,+
chr20,63657810,63701253,-
chr20,50789894,50877177,+
chr20,50794894,50882177,-
chr21,29019629,29054488,+
chr21,29024629,29059488,-
chr21,38375027,38661780,+
chr21,38380027,38666780,-
chr21,34782801,36004667,+
chr21,34787801,36009667,-
chr21,41459300,41531116,+
chr21,41464300,41536116,-
chr21,33020935,33029196,+
chr21,33025935,33034196,-
chr22,19174473,19291719,+
chr22,19179473,19296719,-
chr22,27743277,27801756,+
chr22,27748277,27806756,-
chr22,49768283,49827512,+
chr22,49773283,49832512,-
chr22,39218359,39244982,+
chr22,39223359,39249982,-
chr22,41087592,41180077,+
chr22,41092592,41185077,-
chr22,31320804,31346346,+
chr22,31325804,31351346,-
chr22,36276280,36387967,+
chr22,36281280,36392967,-
chr22,23781931,23838009,+
chr22,23786931,23843009,-
chr22,41296525,41360147,+
chr22,41301525,41365147,-
chr22,29263009,29300525,+
chr22,29268009,29305525,-
chr22,23174704,23318037,+
chr22,23179704,23323037,-
chr3,86871388,86991149,+
chr3,86876388,86996149,-
chr3,41189741,41260096,+
chr3,41194741,41265096,-
chr3,100396532,100456319,+
chr3,100401532,100461319,-
chr3,49935007,50100045,+
chr3,49940007,50105045,-
chr3,59742277,61251459,+
chr3,59747277,61256459,-
chr3,128148481,128408646,+
chr3,128153481,128413646,-
chr3,169078499,169663775,+
chr3,169083499,169668775,-
chr3,187716377,187745725,+
chr3,187721377,187750725,-
chr3,197884077,197960142,+
chr3,197889077,197965142,-
chr3,186041314,186110318,+
chr3,186046314,186115318,-
chr3,128614969,128681075,+
chr3,128619969,128686075,-
chr3,129162827,129183922,+
chr3,129167827,129188922,-
chr3,184294198,184309050,+
chr3,184299198,184314050,-
chr3,100704295,100748964,+
chr3,100709295,100753964,-
chr3,149512235,149736714,+
chr3,149517235,149741714,-
chr3,49407206,49416475,+
chr3,49412206,49421475,-
chr3,186778205,186789897,+
chr3,186783205,186794897,-
chr3,87222271,87255556,+
chr3,87227271,87260556,-
chr3,186925325,187078553,+
chr3,186930325,187083553,-
chr3,196022183,196082096,+
chr3,196027183,196087096,-
chr3,12578601,12664125,+
chr3,12583601,12669125,-
chr3,70949708,71583989,+
chr3,70954708,71588989,-
chr3,158566163,158607252,+
chr3,158571163,158612252,-
chr3,12282368,12434356,+
chr3,12287368,12439356,-
chr3,152238828,152465780,+
chr3,152243828,152470780,-
chr3,188148284,188890671,+
chr3,188153284,188895671,-
chr3,25592984,25664907,+
chr3,25597984,25669907,-
chr3,15662236,15859771,+
chr3,15667236,15864771,-
chr4,23750041,23904089,+
chr4,23755041,23909089,-
chr4,48130783,48269838,+
chr4,48135783,48274838,-
chr4,53372641,53460862,+
chr4,53377641,53465862,-
chr4,25643011,25678748,+
chr4,25648011,25683748,-
chr4,48492357,48780322,+
chr4,48497357,48785322,-
chr4,54004789,54064605,+
chr4,54009789,54069605,-
chr4,82813509,82901166,+
chr4,82818509,82906166,-
chr4,40186053,40246967,+
chr4,40191053,40251967,-
chr4,54224280,54298245,+
chr4,54229280,54303245,-
chr4,143508702,143557486,+
chr4,143513702,143562486,-
chr4,190168774,190185942,+
chr4,190173774,190190942,-
chr4,185580444,185956652,+
chr4,185585444,185961652,-
chr4,122446470,122456725,+
chr4,122451470,122461725,-
chr4,98256384,98443858,+
chr4,98261384,98448858,-
chr4,1788293,1808872,+
chr4,1793293,1813872,-
chr4,151097751,151325605,+
chr4,151102751,151330605,-
chr4,86930002,87141039,+
chr4,86935002,87146039,-
chr4,1707858,1745171,+
chr4,1712858,1750171,-
chr4,81082370,81215222,+
chr4,81087370,81220222,-
chr5,36871769,37066413,+
chr5,36876769,37071413,-
chr5,81408021,81751797,+
chr5,81413021,81756797,-
chr5,37374285,37753435,+
chr5,37379285,37758435,-
chr5,132870395,132963634,+
chr5,132875395,132968634,-
chr5,132055655,132063204,+
chr5,132060655,132068204,-
chr5,142765377,143229011,+
chr5,142770377,143234011,-
chr5,173227109,173235311,+
chr5,173232109,173240311,-
chr5,177081905,177098144,+
chr5,177086905,177103144,-
chr5,158690916,159099916,+
chr5,158695916,159104916,-
chr5,179801398,179838078,+
chr5,179806398,179843078,-
chr5,150048291,150113372,+
chr5,150053291,150118372,-
chr5,150108839,150155872,+
chr5,150113839,150160872,-
chr5,150161778,150184558,+
chr5,150166778,150189558,-
chr5,131944973,132012243,+
chr5,131949973,132017243,-
chr5,157137933,157255185,+
chr5,157142933,157260185,-
chr5,171304248,171312139,+
chr5,171309248,171317139,-
chr5,177128025,177300213,+
chr5,177133025,177305213,-
chr5,171382116,171411810,+
chr5,171387116,171416810,-
chr5,150395041,150412969,+
chr5,150400041,150417969,-
chr5,138460479,138469303,+
chr5,138465479,138474303,-
chr5,316714,438291,+
chr5,321714,443291,-
chr6,386752,411443,+
chr6,391752,416443,-
chr6,18218860,18264548,+
chr6,18223860,18269548,-
chr6,7102597,7251980,+
chr6,7107597,7256980,-
chr6,19832370,19842197,+
chr6,19837370,19847197,-
chr6,37165152,37175428,+
chr6,37170152,37180428,-
chr6,36589353,36605600,+
chr6,36594353,36610600,-
chr6,89921528,90296908,+
chr6,89926528,90301908,-
chr6,118455772,118710075,+
chr6,118460772,118715075,-
chr6,70662776,70862011,+
chr6,70667776,70867011,-
chr6,69667757,69867236,+
chr6,69672757,69872236,-
chr6,115926149,116060891,+
chr6,115931149,116065891,-
chr6,43166269,43181506,+
chr6,43171269,43186506,-
chr6,31159337,31180731,+
chr6,31164337,31185731,-
chr6,151651691,152129619,+
chr6,151656691,152134619,-
chr6,138768769,138793319,+
chr6,138773769,138798319,-
chr6,158760741,158819368,+
chr6,158765741,158824368,-
chr6,117282353,117425942,+
chr6,117287353,117430942,-
chr6,135176308,135219173,+
chr6,135181308,135224173,-
chr6,135278407,135498434,+
chr6,135283407,135503434,-
chr6,35468597,35497079,+
chr6,35473597,35502079,-
chr6,33405399,33416453,+
chr6,33410399,33421453,-
chr6,85645491,85678932,+
chr6,85650491,85683932,-
chr6,41929934,42050357,+
chr6,41934934,42055357,-
chr6,286630,351355,+
chr6,291630,356355,-
chr7,13886229,13991425,+
chr7,13891229,13996425,-
chr7,16854412,16881987,+
chr7,16859412,16886987,-
chr7,50299068,50405101,+
chr7,50304068,50410101,-
chr7,6099884,6161564,+
chr7,6104884,6166564,-
chr7,94389895,94431227,+
chr7,94394895,94436227,-
chr7,75528298,75738962,+
chr7,75533298,75743962,-
chr7,101122104,101139247,+
chr7,101127104,101144247,-
chr7,69593296,70793506,+
chr7,69598296,70798506,-
chr7,98286650,98401090,+
chr7,98291650,98406090,-
chr7,137869979,138002086,+
chr7,137874979,138007086,-
chr7,138455259,138589996,+
chr7,138460259,138594996,-
chr7,27825573,28180795,+
chr7,27830573,28185795,-
chr7,92599921,92836573,+
chr7,92604921,92841573,-
chr7,140714327,140924929,+
chr7,140719327,140929929,-
chr7,74022789,74069907,+
chr7,74027789,74074907,-
chr7,107196372,107564261,+
chr7,107201372,107569261,-
chr7,101810904,102283958,+
chr7,101815904,102288958,-
chr7,156989051,157010663,+
chr7,156994051,157015663,-
chr7,55014017,55211628,+
chr7,55019017,55216628,-
chr7,27157438,27175180,+
chr7,27162438,27180180,-
chr7,27165592,27180261,+
chr7,27170592,27185261,-
chr7,27176157,27185232,+
chr7,27181157,27190232,-
chr7,27188503,27200091,+
chr7,27193503,27205091,-
chr7,74645231,74760692,+
chr7,74650231,74765692,-
chr7,72874365,72951440,+
chr7,72879365,72956440,-
chr8,22682659,22693480,+
chr8,22687659,22698480,-
chr8,22599632,22621514,+
chr8,22604632,22626514,-
chr8,37731601,37758422,+
chr8,37736601,37763422,-
chr8,79757371,79767857,+
chr8,79762371,79772857,-
chr8,91949967,92103286,+
chr8,91954967,92108286,-
chr8,38171533,38213301,+
chr8,38176533,38218301,-
chr8,38723186,38853028,+
chr8,38728186,38858028,-
chr8,47731913,47738164,+
chr8,47736913,47743164,-
chr8,127730434,127742951,+
chr8,127735434,127747951,-
chr8,104585733,105804539,+
chr8,104590733,105809539,-
chr8,70104782,70403808,+
chr8,70109782,70408808,-
chr8,127789526,128187101,+
chr8,127794526,128192101,-
chr8,121607116,121641440,+
chr8,121612116,121646440,-
chr8,17917840,18027975,+
chr8,17922840,18032975,-
chr8,56155909,56211324,+
chr8,56160909,56216324,-
chr8,115403496,115809673,+
chr8,115408496,115814673,-
chr8,41924479,42051994,+
chr8,41929479,42056994,-
chr8,99868200,99893707,+
chr8,99873200,99898707,-
chr8,38395215,38468834,+
chr8,38400215,38473834,-
chr8,66557175,66614247,+
chr8,66562175,66619247,-
chr9,14076843,14398983,+
chr9,14081843,14403983,-
chr9,15459066,15510995,+
chr9,15464066,15515995,-
chr9,37417666,37436990,+
chr9,37422666,37441990,-
chr9,36828269,37034268,+
chr9,36833269,37039268,-
chr9,99816855,99866891,+
chr9,99821855,99871891,-
chr9,121562057,121785530,+
chr9,121567057,121790530,-
chr9,123996670,124033301,+
chr9,124001670,124038301,-
chr9,124512275,124771311,+
chr9,124517275,124776311,-
chr9,90796787,90898549,+
chr9,90801787,90903549,-
chr9,120383869,120580170,+
chr9,120388869,120585170,-
chr9,134025305,134068535,+
chr9,134030305,134073535,-
chr9,129660647,129722674,+
chr9,129665647,129727674,-
chr9,129882187,130043194,+
chr9,129887187,130048194,-
chr9,116148791,116402321,+
chr9,116153791,116407321,-
chr9,20336669,20622499,+
chr9,20341669,20627499,-
chr9,836690,969090,+
chr9,841690,974090,-
chr9,465291,746106,+
chr9,470291,751106,-
chr9,4979390,5129948,+
chr9,4984390,5134948,-
chr9,130708016,130887675,+
chr9,130713016,130892675,-
chr9,105657457,105663124,+
chr9,105662457,105668124,-
chr9,131120586,131234663,+
chr9,131125586,131239663,-
chr9,84663551,85027054,+
chr9,84668551,85032054,-
chr9,136489433,136546048,+
chr9,136494433,136551048,-
chr9,128678424,128696400,+
chr9,128683424,128701400,-
chr9,116418112,117415070,+
chr9,116423112,117420070,-
chr9,121069753,121177610,+
chr9,121074753,121182610,-
chr9,92407380,92424471,+
chr9,92412380,92429471,-
chrX,1457581,1537185,+
chrX,1462581,1542185,-
chrX,1182549,1212723,+
chrX,1187549,1217723,-
chrX,48781562,48794311,+
chrX,48786562,48799311,-
chrX,80664503,80809877,+
chrX,80669503,80814877,-
chrX,86143451,86832604,+
chrX,86148451,86837604,-
chrX,49023726,49043410,+
chrX,49028726,49048410,-
chrX,50197713,50351914,+
chrX,50202713,50356914,-
chrX,124370903,124963817,+
chrX,124375903,124968817,-
chrX,52691896,52707189,+
chrX,52696896,52712189,-
chrX,41683973,41697275,+
chrX,41688973,41702275,-
chrX,48378516,48393347,+
chrX,48383516,48398347,-
chrX,71090851,71103532,+
chrX,71095851,71108532,-
chrX,67539021,67730619,+
chrX,67544021,67735619,-
chrX,123854724,123913976,+
chrX,123859724,123918976,-
chrX,154343524,154374634,+
chrX,154348524,154379634,-
chrX,65583377,65741931,+
chrX,65588377,65746931,-
chrX,71249814,71301522,+
chrX,71254814,71306522,-
chrX,48250392,48267444,+
chrX,48255392,48272444,-
chrX,130058955,130110716,+
chrX,130063955,130115716,-
chrX,108714946,108736563,+
chrX,108719946,108741563,-
chrX,120357085,120383249,+
chrX,120362085,120388249,-
chrX,40044815,40177329,+
chrX,40049815,40182329,-
chrX,13729743,13777955,+
chrX,13734743,13782955,-
chr1,56489761,56645301,+
chr1,56494761,56650301,-
chr1,3054615,3068437,+
chr1,3059615,3073437,-
chr10,101779443,101818465,+
chr10,101784443,101823465,-
chr11,2995922,3057613,+
chr11,3000922,3062613,-
chr11,119088854,119095467,+
chr11,119093854,119100467,-
chr12,61703273,62279150,+
chr12,61708273,62284150,-
chr12,24999342,25108334,+
chr12,25004342,25113334,-
chr13,39204116,39603528,+
chr13,39209116,39608528,-
chr15,40589020,40664342,+
chr15,40594020,40669342,-
chr16,14066319,14266773,+
chr16,14071319,14271773,-
chr17,77275569,77500596,+
chr17,77280569,77505596,-
chr2,241310100,241354027,+
chr2,241315100,241359027,-
chr22,19709503,19724224,+
chr22,19714503,19729224,-
chr22,40405281,40636719,+
chr22,40410281,40641719,-
chr3,108544864,108589644,+
chr3,108549864,108594644,-
chr3,100604601,100695479,+
chr3,100609601,100700479,-
chr3,128567000,128576086,+
chr3,128572000,128581086,-
chr4,1866393,1982207,+
chr4,1871393,1987207,-
chr6,27133588,27139881,+
chr6,27138588,27144881,-
chr6,166994317,167094789,+
chr6,166999317,167099789,-
chr6,167821911,167972023,+
chr6,167826911,167977023,-
chr8,38264704,38382272,+
chr8,38269704,38387272,-
chrX,119610724,119693370,+
chrX,119615724,119698370,-
chrX,119610724,119693370,+
chrX,119615724,119698370,-
